journal,tier,publisher,oa_2yr,oa_h,scope,qf_rel,ml_rel,related,methodology,empirical,theory,data,code_policy,difficulty,fit,role,note
Journal of Finance,Tier 1 - General finance (top-3),Wiley / American Finance Association,13.19,664,All areas of finance; publishes the field's most general contributions in asset pricing and investments.,4,4,KMZ2024; JKX2023; KMP2023; BPZ2025; JKP2023; DMU2024; DNMV2023; MP2016; GP2013,"Economically motivated empirical designs, often with a model or clear economic mechanism; ML accepted when it answers an economic question.","Very long samples (decades), CRSP/Compustat standard, extensive robustness, international or out-of-sample replication increasingly common.","Not strictly required, but a mechanism or theoretical framing strongly helps; pure horse races rarely suffice.",Standard academic data (WRDS); proprietary data accepted if documented.,Verified: AFA Data and Code Sharing Policy (April 2024 version) requires programs for replication from accepted empirical papers.,5,7,Stretch,"Fit only if the paper delivers a general economic insight (e.g., where ML value comes from and why) rather than a better backtest."
Review of Financial Studies,Tier 1 - General finance (top-3),Oxford University Press / Society for Financial Studies,11.81,397,Broad financial economics; strong record in empirical asset pricing and ML (Gu-Kelly-Xiu 2020; JKMP 2026).,4,5,GKX2020; JKMP2026; DMNU2020; FNW2020; HKS2020; NMV2016; LW2017; BS2022; HXZ2020; HLZ2016,Rigorous empirical asset pricing; ML papers must show economic content and robustness.,"Comprehensive samples, strong baselines, transaction costs expected for investment claims, replication package.",Helpful; an economic framework or model of why the effect exists is expected for top placement.,WRDS-standard; code and data package reviewed by Data Editors.,Verified: updated Code and Data Sharing Policy for submissions conditionally accepted on/after 1 Oct 2025; Data Editors check reproducibility; deposit in Harvard Dataverse.,5,8,Stretch,"Most natural top-3 home for an implementability/decomposition paper given GKX2020, DMNU2020 and JKMP2026 precedents."
Journal of Financial Economics,Tier 1 - General finance (top-3),Elsevier,12.37,557,Financial economics broadly; empirical and theoretical.,3,4,KPS2019; KNS2020; LWZ2022; CDS2020; CFHH2025; DM2016; PW2020; SYY2012,Economic mechanism-driven empirical work.,"Long samples, identification of economic channel, robustness.",Mechanism expected.,WRDS-standard.,Policy page exists (jfinec.com/data-and-code-sharing-policy); details verify.,5,6,Stretch,Less natural for methods-heavy portfolio construction papers than RFS/MS.
Journal of Financial and Quantitative Analysis,Tier 1b - Top field finance,Cambridge University Press / U. Washington,3.39,255,"Verified (jfqa.org): theoretical and empirical research in financial economics, including investments, capital and security markets, and quantitative methods of particular relevance to financial researchers.",5,4,CV2023; KO2012; KZ2007,Rigorous empirical and quantitative methods; explicitly welcomes quantitative methods.,Comparable to top-3 in rigor; somewhat narrower contribution acceptable.,Not required for empirical methods papers with clear economic implications.,WRDS-standard.,Verified: JFQA Code Sharing Policy page exists; details verify.,4,9,Target,Best realistic high-quality target: quantitative methods mandate plus finance audience.
Management Science,Tier 1b - Top field finance / OR,INFORMS,6.23,480,Management broadly; Finance department publishes empirical asset pricing and ML (Chen-Pelger-Zhu 2024; Avramov-Cheng-Metzker 2023).,4,5,CPZ2024; ACM2023; EG2022; BCZ2022,Methodological innovation with managerial/economic relevance; interdisciplinary ML/OR welcome.,Strong out-of-sample and robustness; replication package reviewed.,Not required; methodological or economic insight required.,WRDS-standard; must be disclosable per policy.,Verified: Code and Data Disclosure Policy adopted 2019 with a Data Editor who verifies replicability.,4,9,Target,"Strong fit for a design that bridges ML, optimisation and finance."
Review of Finance,Tier 1b - Top field finance,Oxford University Press / European Finance Association,,,General finance (European Finance Association journal).,3,3,(search for recent ML asset-pricing papers before targeting),General finance standards.,High.,Helpful.,Standard.,Verified: Code Sharing and Data Availability Policy page exists (revfin.org).,4,7,Target,OpenAlex search did not return this title cleanly; verify metrics.
Review of Asset Pricing Studies,Tier 1b - Top field finance,Oxford University Press / SFS,4.3,49,Asset pricing (SFS field journal).,4,4,KNNV2024,Asset-pricing empirical and theory.,High.,Helpful.,WRDS-standard.,SFS journal; verify policy.,4,8,Target,Good home for factor-timing / signal-efficacy concepts.
Operations Research,Tier 1b - Top OR,INFORMS,3.48,304,OR methods incl. financial engineering; robust and data-driven optimisation.,3,4,DY2010,Novel optimisation/learning methodology with guarantees.,Computational experiments; finance data used as application.,"Usually expected (algorithms, guarantees).",Flexible.,Verify.,5,5,Backup (method variant),Only for the differentiable/robust optimiser concept with theoretical results.
Quantitative Finance,Tier 2 - Quantitative/computational finance,Taylor & Francis,2.46,113,"Interdisciplinary quantitative finance; aims list includes portfolio management, market dynamics and prediction, trading systems, financial econometrics, market microstructure.",5,4,BK2023; CI2023; NML2018,Quantitative/mathematical methods with empirical validation.,Moderate-to-high; costs expected for trading claims.,"Welcome, not mandatory.",Flexible.,Verify.,3,9,Target,Third-party sites report a 2025 JIF around 1.9 (unverified; check JCR).
Journal of Financial Econometrics,Tier 2 - Quantitative/computational finance,Oxford University Press / SoFiE,1.22,77,Financial econometrics.,5,4,(verify recent ML papers),Econometric rigor; inference emphasis.,High for inference.,Econometric theory valued.,Flexible.,Verify.,4,7,Target (inference-heavy variant),Fits if inference framework (SPA/MCS for decomposition) is a core contribution.
Journal of Econometrics,Tier 2 - Econometrics (top),Elsevier,2.95,333,Econometric methodology.,3,4,GKX2021; CW2007; KP2015,New econometric methods with theory.,Application.,Required.,Flexible.,Verify.,5,4,Not recommended (unless new estimator),Needs formal econometric contribution.
Journal of Business & Economic Statistics,Tier 2 - Econometrics,Taylor & Francis / ASA,1.86,234,Applied statistics and econometrics.,3,4,HAN2005; DM1995,Statistical methods with applications.,Moderate.,Often.,Flexible.,Verify.,4,5,Backup (inference variant),
International Journal of Forecasting,Tier 2 - Forecasting,Elsevier / International Institute of Forecasters,3.79,188,"Forecasting methods and evaluation, incl. forecast combination.",3,5,(forecast combination literature),Forecast evaluation rigor; combination methods.,Moderate-high.,Optional.,Flexible.,Verify.,3,7,Target (combination-focused variant),Fits a dynamic forecast-combination paper; must still show economic value.
European Journal of Operational Research,Tier 2 - OR (high-volume),Elsevier,5.86,407,OR incl. financial modelling and portfolio optimisation.,4,5,FK2018; KDH2017; BAMS2014,OR/ML methods with finance applications.,Moderate; transaction costs increasingly expected.,Optional.,Flexible.,Verify.,3,7,Backup,Good for optimisation-heavy variants.
Journal of Banking & Finance,Tier 2 - Field finance,Elsevier,4.45,309,"Finance and banking broadly, incl. investments.",4,3,MPR2026,Empirical finance.,High.,Optional.,WRDS-standard.,Verify.,3,8,Backup (strong),
Journal of Empirical Finance,Tier 2 - Field finance,Elsevier,2.82,133,Empirical finance and financial econometrics.,4,3,LW2008,Empirical/econometric.,High.,Optional.,WRDS-standard.,Verify.,3,8,Backup (strong),
Journal of Financial Markets,Tier 2 - Field finance,Elsevier,2.09,104,"Market microstructure, trading, asset pricing.",5,3,TH2021; WL2025; AMI2002,Empirical microstructure / trading.,High for cost modelling.,Optional.,TAQ/WRDS.,Verify.,3,8,Backup (strong),Natural home if transaction-cost modelling is central.
Journal of Economic Dynamics and Control,Tier 2 - Field,Elsevier,2.0,168,Computational economics and finance.,3,3,CFMZ2023; GT2007,Computational/empirical.,Moderate-high.,Optional.,Flexible.,Verify.,3,6,Backup,
Critical Finance Review,Tier 2 - Field (replication/critique),Now Publishers,3.74,32,Critical/replication-oriented finance research.,4,3,LEW2015; CZ2022,"Replication, critique, careful re-examination.",High transparency.,Optional.,Open where possible.,Verify.,3,7,Backup (if results are mainly a critical re-assessment),
Mathematical Finance,Tier 2 - Mathematical finance,Wiley,1.6,129,Mathematical finance theory.,3,2,-,Mathematical theory.,Low.,Required.,-,Verify.,5,2,Not recommended,Poor fit for empirical signal combination.
Journal of Computational Finance,Tier 2 - Computational finance,Infopro Digital (Risk.net),0.68,57,"Verified (risk.net): numerical and computational techniques in pricing, hedging and risk management; recent issues include ML and portfolio optimisation.",3,3,BBLZ2017,Numerical methods.,Low-moderate.,Numerical analysis.,-,Verify.,3,4,Not recommended (except optimiser-computation variant),Editor-in-chief: Christoph Reisinger (risk.net).
Annals of Operations Research,Tier 2/3 - OR,Springer,3.89,186,OR applications incl. finance.,3,4,ULM2024; SYM2025,OR/ML.,Moderate.,Optional.,Flexible.,Verify.,2,6,Backup,
Financial Analysts Journal,Tier 3 - Practitioner (high reputation),Taylor & Francis / CFA Institute,2.74,168,Practitioner-relevant investment research.,4,4,RJ2019; KPT2012; NMV2019; LO2002; BL1992,Rigorous but accessible.,"Practical relevance, costs, capacity.",Not required.,Flexible.,Verify.,3,7,Backup (practitioner version),Shorter practitioner spin-off of the main paper.
Journal of Portfolio Management,Tier 3 - Practitioner,With Intelligence (PMR),0.8,116,Practitioner portfolio management.,4,3,BLDP2014; LDP2016; HL2015; CSS2012; LS2008,Practitioner.,Moderate.,No.,Flexible.,None known.,2,6,Backup (practitioner),
Journal of Financial Data Science,Tier 3 - Practitioner ML,With Intelligence (PMR),0.68,21,Data science and ML in finance for practitioners.,4,5,BHHH2023; LLMSS2021; ZZR2020; LZR2019; AHM2019,Applied ML.,Moderate.,No.,Flexible.,None known.,2,6,Backup (practitioner ML),
ACM ICAIF (conference),ML/AI venue - finance-specific,ACM,,,"Verified: ACM International Conference on AI in Finance, proceedings in ACM DL (2020-2025; 2026 in Milan).",3,5,-,AI/ML methods.,Benchmarks; costs often lighter.,Optional.,Public benchmarks favoured.,Varies.,2,5,Early dissemination,Useful for feedback on ML components; limited weight for finance hiring/promotion.
NeurIPS / ICML / KDD (main or workshops),ML/AI venue - general,Various,,,General ML; finance appears in applications and workshops.,2,5,DAK2017; AK2017; AAB2019; DA2023,ML novelty.,ML benchmarks.,Often.,Public.,Code often expected.,4,3,Not recommended for main paper,Finance reviewers discount these unless economic evaluation is rigorous.
Expert Systems with Applications,Tier 3 - Applied AI (high-volume),Elsevier,7.51,349,Applied intelligent systems.,2,5,-,Applied ML.,Variable; costs often omitted.,No.,Flexible.,Verify.,2,3,Not recommended,High citation counts do not translate into finance-field reputation; illustrates why IF alone is misleading.
