query,name,issn,publisher,works,cites,two_yr_mean,h,error
Journal of Finance,The Journal of Finance,0022-1082,Wiley,16132,1961030,13.193103448275862,664,
Journal of Finance,Journal of Banking & Finance,0378-4266,Elsevier BV,7560,515661,4.4473161033797215,309,
Review of Financial Studies,Review of Financial Studies,0893-9454,Oxford University Press,3312,624630,11.809352517985612,397,
Review of Financial Studies,Review of Financial Information Studies,2234-7739,,25,11,0.0,2,
Journal of Financial Economics,Journal of Financial Economics,0304-405X,Elsevier BV,4896,1342442,12.368,557,
Journal of Financial Economics,International Journal of Economics and Financial Issues,2146-4138,EconJournals,1272,7304,1.7380530973451327,27,
Journal of Financial and Quantitative Analysis,Journal of Financial and Quantitative Analysis,0022-1090,Cambridge University Press,4096,269837,3.394160583941606,255,
Management Science,Management Science,0025-1909,Institute for Operations Research and the Management Sciences,13836,1333756,6.227307398932113,480,
Management Science,Pest Management Science,1526-498X,Wiley,9747,282399,3.38893653516295,188,
Operations Research,Operations Research,0030-364X,Institute for Operations Research and the Management Sciences,8512,534411,3.477434679334917,304,
Operations Research,Computers & Operations Research,0305-0548,Elsevier BV,8366,369062,4.913606911447085,224,
Review of Finance,International Review of Economics & Finance,1059-0560,Elsevier BV,6076,114103,7.727239218577221,127,
Review of Finance,International Review of Finance,1369-412X,Wiley,835,13584,1.577922077922078,51,
Review of Asset Pricing Studies,The Review of Asset Pricing Studies,2045-9920,Oxford University Press,271,10914,4.3,49,
Quantitative Finance,Quantitative Finance,1469-7688,Taylor & Francis,3192,74313,2.459731543624161,113,
Quantitative Finance,Review of Quantitative Finance and Accounting,0924-865X,Springer Science+Business Media,2123,41239,2.93312101910828,80,
Journal of Computational Finance,The Journal of Computational Finance,1460-1559,,756,14264,0.6785714285714286,57,
Mathematical Finance,Mathematical Finance,0960-1627,Wiley,1427,72190,1.603448275862069,129,
Mathematical Finance,Applied Mathematical Finance,1350-486X,Taylor & Francis,575,14136,1.0666666666666667,58,
Journal of Banking and Finance,Journal of Banking & Finance,0378-4266,Elsevier BV,7560,515661,4.4473161033797215,309,
Journal of Banking and Finance,International Journal of Banking and Finance,1675-722X,,251,1434,0.4473684210526316,16,
Journal of Financial Markets,Journal of Financial Markets,1386-4181,Elsevier BV,918,53517,2.0854700854700856,104,
Journal of Financial Markets,Journal of International Financial Markets Institutions and Money,1042-4431,Elsevier BV,2190,70738,6.970414201183432,113,
Journal of Empirical Finance,Journal of Empirical Finance,0927-5398,Elsevier BV,1866,84106,2.8194444444444446,133,
Journal of Empirical Finance,International Journal of Empirical Finance,,,7,17,0.0,2,
International Journal of Forecasting,International Journal of Forecasting,0169-2070,Elsevier BV,3737,256407,3.79253112033195,188,
International Journal of Forecasting,International Journal of Business Forecasting and Marketing Intelligence,1744-6635,Inderscience Publishers,466,1109,0.2698412698412698,16,
European Journal of Operational Research,European Journal of Operational Research,0377-2217,Elsevier BV,24814,1442096,5.85669191919192,407,
Journal of Portfolio Management,The Journal of Portfolio Management,0095-4918,Euromoney Institutional Investor,3648,84231,0.7972602739726027,116,
Journal of Portfolio Management,Journal of Real Estate Portfolio Management,1083-5547,Taylor & Francis,601,8593,1.0434782608695652,42,
Journal of Financial Econometrics,Journal of Financial Econometrics,1479-8409,Oxford University Press,701,31010,1.2236842105263157,77,
Journal of Financial Econometrics,International Journal of Econometrics and Financial Management,2374-2011,,21,93,0.3333333333333333,4,
Journal of Econometrics,Journal of Econometrics,0304-4076,Elsevier BV,6493,699681,2.9495798319327733,333,
Journal of Econometrics,Journal of Applied Econometrics,0883-7252,Wiley,2647,189524,3.5442477876106193,182,
Journal of Financial Data Science,The Journal of Financial Data Science,2640-3943,,303,2025,0.6796116504854369,21,
Critical Finance Review,Critical Finance Review,2164-5744,Now Publishers,191,5616,3.74,32,
Financial Analysts Journal,Financial Analysts Journal,0015-198X,Taylor & Francis,5578,133174,2.74025974025974,168,
Financial Analysts Journal,The ICFAI Journal of Corporate Governance,0972-6853,,62,458,0.03225806451612903,11,
Journal of Business & Economic Statistics,Journal of Business and Economic Statistics,0735-0015,Taylor & Francis,3800,265053,1.8614232209737829,234,
Journal of Business & Economic Statistics,International Journal of Economic Finance and Business Statistics,3025-9959,,88,19,0.20987654320987653,2,
Annals of Operations Research,Annals of Operations Research,0254-5330,Springer Science+Business Media,9846,285313,3.8948670377241807,186,
Journal of Economic Dynamics and Control,Journal of Economic Dynamics and Control,0165-1889,Elsevier BV,4749,185605,2.0,168,
Expert Systems with Applications,Expert Systems with Applications,0957-4174,Elsevier BV,32301,1256684,7.50889576484239,349,
Expert Systems with Applications,Expert Systems with Applications X,2590-1885,Elsevier BV,31,1084,0.0,12,
INFORMS Journal on Computing,INFORMS journal on computing,0899-1499,Institute for Operations Research and the Management Sciences,2717,91684,1.6608,129,
SIAM Journal on Financial Mathematics,SIAM Journal on Financial Mathematics,1945-497X,Society for Industrial and Applied Mathematics,670,11159,1.728,53,
Finance and Stochastics,Finance and Stochastics,0949-2984,Springer Science+Business Media,829,42904,1.84,107,
Journal of Machine Learning Research,Journal of Machine Learning Research,1532-4435,The MIT Press,1418,166394,0.0,131,
Journal of Machine Learning Research,Journal of Geophysical Research Machine Learning and Computation,2993-5210,Wiley,459,1010,2.2004357298474946,13,
Journal of Risk,Journal of Risk & Insurance,0022-4367,Wiley,3845,80256,1.9788732394366197,124,
Journal of Risk,Journal of Risk and Uncertainty,0895-5646,Springer Science+Business Media,1039,88580,2.023529411764706,127,
